category,n,accuracy
athlete,19,0.21052631578947367
politicians,5,0.2
art_music,19,0.05263157894736842
poets,7,0.0
