category,n,accuracy
scientists,4,1.0
politicians,3,0.6666666666666666
poets,11,0.6363636363636364
art_music,24,0.5416666666666666
athlete,48,0.5208333333333334
