category,n,accuracy
scientists,9,0.5555555555555556
art_music,31,0.4838709677419355
athlete,48,0.4583333333333333
politicians,10,0.4
poets,12,0.25
