category,is_correct,retrieval_success,retrieved_score_1,retrieved_score_2,retrieved_score_3
art_music,36.84210526315789,26.31578947368421,0.6756486342105262,0.6433175389473684,0.6331670936842105
athlete,15.789473684210526,15.789473684210526,0.6278589610526316,0.60238636,0.5936721373684211
poets,42.857142857142854,42.857142857142854,0.6932228585714285,0.6800928671428572,0.6333999242857143
politicians,40.0,40.0,0.70846318,0.68142679,0.671827528
