category,N,Hit@1,Hit@3,MRR
athlete,20,0.9,1.0,0.95
poets,6,1.0,1.0,1.0
art_music,19,0.5789473684210527,0.7368421052631579,0.6491228070175439
politicians,5,0.4,0.6,0.4666666666666666
