category,Coverage@3,A1|Answerable,A2|Answerable,A3|Answerable
art_music,0.7368421052631579,0.9285714285714286,0.8571428571428571,0.7857142857142857
athlete,1.0,0.85,0.8,0.85
poets,1.0,0.6666666666666666,0.6666666666666666,0.6666666666666666
politicians,0.6,0.0,0.0,0.0
