category,N,Approach1_Acc,Approach2_Acc,Approach3_Acc
athlete,20,0.85,0.8,0.85
poets,6,0.6666666666666666,0.6666666666666666,0.6666666666666666
art_music,19,0.6842105263157895,0.631578947368421,0.5789473684210527
politicians,5,0.0,0.0,0.0
